<?xml version="1.0" encoding="ISO-8859-1"?>
<root>
	<item id="Title"><![CDATA[Discuz! Plugin]]></item>
	<item id="Version"><![CDATA[X2.5,X3,X3.1,X3.2]]></item>
	<item id="Time"><![CDATA[2017-11-06 13:31]]></item>
	<item id="From"><![CDATA[MAC测试站点 (http://localhost:8888/discuz/)]]></item>
	<item id="Data">
		<item id="plugin">
			<item id="available"><![CDATA[1]]></item>
			<item id="adminid"><![CDATA[1]]></item>
			<item id="name"><![CDATA[mLogin]]></item>
			<item id="identifier"><![CDATA[mlogin]]></item>
			<item id="description"><![CDATA[替换discuz原生的登录页面。]]></item>
			<item id="datatables"><![CDATA[]]></item>
			<item id="directory"><![CDATA[mlogin/]]></item>
			<item id="copyright"><![CDATA[shawsen.com]]></item>
			<item id="version"><![CDATA[1.0.0]]></item>
			<item id="__modules">
				<item id="0">
					<item id="name"><![CDATA[hook_pc]]></item>
					<item id="param"><![CDATA[]]></item>
					<item id="menu"><![CDATA[]]></item>
					<item id="url"><![CDATA[]]></item>
					<item id="type"><![CDATA[11]]></item>
					<item id="adminid"><![CDATA[0]]></item>
					<item id="displayorder"><![CDATA[0]]></item>
					<item id="navtitle"><![CDATA[]]></item>
					<item id="navicon"><![CDATA[]]></item>
					<item id="navsubname"><![CDATA[]]></item>
					<item id="navsuburl"><![CDATA[]]></item>
				</item>
				<item id="1">
					<item id="name"><![CDATA[z_setting]]></item>
					<item id="param"><![CDATA[]]></item>
					<item id="menu"><![CDATA[设置]]></item>
					<item id="url"><![CDATA[]]></item>
					<item id="type"><![CDATA[3]]></item>
					<item id="adminid"><![CDATA[0]]></item>
					<item id="displayorder"><![CDATA[1]]></item>
					<item id="navtitle"><![CDATA[]]></item>
					<item id="navicon"><![CDATA[]]></item>
					<item id="navsubname"><![CDATA[]]></item>
					<item id="navsuburl"><![CDATA[]]></item>
				</item>
			</item>
		</item>
		<item id="version"><![CDATA[X2.5,X3,X3.1,X3.2]]></item>
		<item id="installfile"><![CDATA[install.php]]></item>
		<item id="uninstallfile"><![CDATA[uninstall.php]]></item>
	</item>
</root>
